SOC,Title,cluster
33-9091,Crossing Guards,0
33-9093,Transportation Security Screeners,0
53-4041,Subway and Streetcar Operators,0
53-3041,Taxi Drivers and Chauffeurs,0
33-9032,Security Guards,0
53-6021,Parking Lot Attendants,0
53-6041,Traffic Technicians,0
53-3022,"Bus Drivers, School or Special Client",0
53-6061,"Transportation Attendants, Except Flight Attendants",0
53-3021,"Bus Drivers, Transit and Intercity",0
53-2031,Flight Attendants,0
53-2022,Airfield Operations Specialists,0
53-2021,Air Traffic Controllers,0
53-2012,Commercial Pilots,0
53-4031,Railroad Conductors and Yardmasters,0
33-3052,Transit and Railroad Police,0
53-2011,"Airline Pilots, Copilots, and Flight Engineers",0
53-1011,Aircraft Cargo Handling Supervisors,0
43-5041,"Meter Readers, Utilities",0
33-3041,Parking Enforcement Workers,0
31-9091,Dental Assistants,1
29-2021,Dental Hygienists,1
29-1081,Podiatrists,1
29-1021,"Dentists, General",1
29-1022,Oral and Maxillofacial Surgeons,1
29-1023,Orthodontists,1
29-1024,Prosthodontists,1
33-2022,Forest Fire Inspectors and Prevention Specialists,2
33-9011,Animal Control Workers,2
33-2011,Municipal Firefighters/Forest Firefighters,2
33-1021,Municipal Fire Fighting and Prevention Supervisors/Forest Fire Fighting and Prevention Supervisors,2
33-3031,Fish and Game Wardens,2
33-2021,Fire Inspectors/Fire Investigators,2
13-1021,"Buyers and Purchasing Agents, Farm Products",2
19-4011,Agricultural Technicians/Food Science Technicians,2
45-4011,Forest and Conservation Workers,2
19-1032,Foresters,2
19-4093,Forest and Conservation Technicians,2
19-1013,Soil and Plant Scientists,2
11-9013,Nursery and Greenhouse Managers/Farm and Ranch Managers/Aquacultural Managers,2
37-1012,"First-Line Supervisors of Landscaping, Lawn Service, and Groundskeeping Workers",2
45-1011,First-Line Supervisors of Logging Workers/First-Line Supervisors of Aquacultural Workers/First-Line Supervisors of Agricultural Crop and Horticultural Workers/First-Line Supervisors of Animal Husbandry and Animal Care Workers,2
29-2054,Respiratory Therapy Technicians,3
19-3039,Neuropsychologists and Clinical Neuropsychologists,3
29-2052,Pharmacy Technicians,3
29-2041,Emergency Medical Technicians and Paramedics,3
29-1161,Nurse Midwives,3
29-2034,Radiologic Technologists,3
29-2057,Ophthalmic Medical Technicians,3
29-2033,Nuclear Medicine Technologists,3
29-2061,Licensed Practical and Licensed Vocational Nurses,3
29-2031,Cardiovascular Technologists and Technicians,3
29-2099,Neurodiagnostic Technologists/Ophthalmic Medical Technologists/Radiologic Technicians/Surgical Assistants,3
29-1199,Acupuncturists/Naturopathic Physicians/Orthoptists,3
29-1171,Nurse Practitioners,3
29-9092,Genetic Counselors,3
29-2055,Surgical Technologists,3
29-1124,Radiation Therapists,3
29-1126,Respiratory Therapists,3
29-1123,Physical Therapists,3
29-9099,Midwives,3
29-1071,Physician Assistants/Anesthesiologist Assistants,3
29-1069,Allergists and Immunologists/Dermatologists/Hospitalists/Neurologists/Nuclear Medicine Physicians/Ophthalmologists/Pathologists/Physical Medicine and Rehabilitation Physicians/Preventive Medicine Physicians/Radiologists/Sports Medicine Physicians/Urologists,3
29-1067,Surgeons,3
29-1066,Psychiatrists,3
29-1065,"Pediatricians, General",3
29-1064,Obstetricians and Gynecologists,3
29-1063,"Internists, General",3
29-1062,Family and General Practitioners,3
29-1061,Anesthesiologists,3
29-1051,Pharmacists,3
29-1041,Optometrists,3
29-1141,Registered Nurses/Acute Care Nurses/Advanced Practice Psychiatric Nurses/Critical Care Nurses/Clinical Nurse Specialists,3
29-1151,Nurse Anesthetists,3
29-1011,Chiropractors,3
31-1011,Home Health Aides,3
29-2032,Diagnostic Medical Sonographers,3
31-1014,Nursing Assistants,3
31-9099,Speech-Language Pathology Assistants/Endoscopy Technicians,3
31-9095,Pharmacy Aides,3
31-9092,Medical Assistants,3
31-9011,Massage Therapists,3
31-2022,Physical Therapist Aides,3
31-9093,Medical Equipment Preparers,3
31-1015,Orderlies,3
31-2021,Physical Therapist Assistants,3
47-2021,Brickmasons and Blockmasons,4
47-2141,"Painters, Construction and Maintenance",4
47-2131,"Insulation Workers, Floor, Ceiling, and Wall",4
47-2121,Glaziers,4
47-2082,Tapers,4
47-2081,Drywall and Ceiling Tile Installers,4
47-2053,Terrazzo Workers and Finishers,4
47-2051,Cement Masons and Concrete Finishers,4
47-2044,Tile and Marble Setters,4
47-2042,"Floor Layers, Except Carpet, Wood, and Hard Tiles",4
51-2091,Fiberglass Laminators and Fabricators,4
47-2142,Paperhangers,4
47-2041,Carpet Installers,4
49-3022,Automotive Glass Installers and Repairers,4
47-2031,Construction Carpenters/Rough Carpenters,4
47-2022,Stonemasons,4
49-3021,Automotive Body and Related Repairers,4
47-2043,Floor Sanders and Finishers,4
47-2161,Plasterers and Stucco Masons,4
47-2132,"Insulation Workers, Mechanical",4
47-3016,Helpers--Roofers,4
47-2181,Roofers,4
51-7021,Furniture Finishers,4
47-3011,"Helpers--Brickmasons, Blockmasons, Stonemasons, and Tile and Marble Setters",4
47-3012,Helpers--Carpenters,4
47-3014,"Helpers--Painters, Paperhangers, Plasterers, and Stucco Masons",4
51-6011,Laundry and Dry-Cleaning Workers,4
47-4091,Segmental Pavers,4
51-9123,"Painting, Coating, and Decorating Workers",4
51-9122,"Painters, Transportation Equipment",4
51-9121,"Coating, Painting, and Spraying Machine Setters, Operators, and Tenders",4
25-1064,"Geography Teachers, Postsecondary",5
25-1066,"Psychology Teachers, Postsecondary",5
25-1126,"Philosophy and Religion Teachers, Postsecondary",5
25-1191,Graduate Teaching Assistants,5
25-1192,"Home Economics Teachers, Postsecondary",5
25-1112,"Law Teachers, Postsecondary",5
25-1193,"Recreation and Fitness Studies Teachers, Postsecondary",5
25-1194,"Vocational Education Teachers, Postsecondary",5
25-1051,"Atmospheric, Earth, Marine, and Space Sciences Teachers, Postsecondary",5
25-2011,"Preschool Teachers, Except Special Education",5
25-2012,"Kindergarten Teachers, Except Special Education",5
25-2021,"Elementary School Teachers, Except Special Education",5
25-2022,"Middle School Teachers, Except Special and Career/Technical Education",5
25-1052,"Chemistry Teachers, Postsecondary",5
25-1125,"History Teachers, Postsecondary",5
25-1063,"Economics Teachers, Postsecondary",5
25-1123,"English Language and Literature Teachers, Postsecondary",5
25-1062,"Area, Ethnic, and Cultural Studies Teachers, Postsecondary",5
25-1061,"Anthropology and Archeology Teachers, Postsecondary",5
39-9021,Personal Care Aides,5
25-1111,"Criminal Justice and Law Enforcement Teachers, Postsecondary",5
25-1082,"Library Science Teachers, Postsecondary",5
25-1065,"Political Science Teachers, Postsecondary",5
25-1124,"Foreign Language and Literature Teachers, Postsecondary",5
25-1081,"Education Teachers, Postsecondary",5
25-1121,"Art, Drama, and Music Teachers, Postsecondary",5
25-1071,"Health Specialties Teachers, Postsecondary",5
25-1067,"Sociology Teachers, Postsecondary",5
25-1054,"Physics Teachers, Postsecondary",5
25-1053,"Environmental Science Teachers, Postsecondary",5
25-1122,"Communications Teachers, Postsecondary",5
25-1072,"Nursing Instructors and Teachers, Postsecondary",5
25-2023,"Career/Technical Education Teachers, Middle School",5
11-1011,Chief Executives/Chief Sustainability Officers,5
25-2032,"Career/Technical Education Teachers, Secondary School",5
29-1128,Exercise Physiologists,5
29-1181,Audiologists,5
25-1043,"Forestry and Conservation Science Teachers, Postsecondary",5
29-2051,Dietetic Technicians,5
29-2053,Psychiatric Technicians,5
29-9091,Athletic Trainers,5
31-1013,Psychiatric Aides,5
31-2011,Occupational Therapy Assistants,5
31-2012,Occupational Therapy Aides,5
35-1011,Chefs and Head Cooks,5
35-1012,First-Line Supervisors of Food Preparation and Serving Workers,5
45-2011,Agricultural Inspectors,5
39-9041,Residential Advisors,5
39-9032,Recreation Workers,5
39-9031,Fitness Trainers and Aerobics Instructors,5
29-1127,Speech-Language Pathologists,5
25-2031,"Secondary School Teachers, Except Special and Career/Technical Education",5
29-1125,Recreational Therapists/Art Therapists/Music Therapists,5
29-1031,Dietitians and Nutritionists,5
25-2051,"Special Education Teachers, Preschool",5
25-2052,"Special Education Teachers, Kindergarten and Elementary School",5
25-2053,"Special Education Teachers, Middle School",5
25-2054,"Special Education Teachers, Secondary School",5
25-2059,Adapted Physical Education Specialists,5
25-3011,Adult Basic and Secondary Education and Literacy Teachers and Instructors,5
25-3021,Self-Enrichment Education Teachers,5
25-3099,Tutors,5
25-4012,Curators,5
25-9031,Instructional Coordinators/Instructional Designers and Technologists,5
25-9041,Teacher Assistants,5
27-2021,Athletes and Sports Competitors,5
27-2022,Coaches and Scouts,5
27-2023,"Umpires, Referees, and Other Sports Officials",5
27-3031,Public Relations Specialists,5
29-1122,"Occupational Therapists/Low Vision Therapists, Orientation and Mobility Specialists, and Vision Rehabilitation Therapists",5
25-1042,"Biological Science Teachers, Postsecondary",5
25-1113,"Social Work Teachers, Postsecondary",5
25-1032,"Engineering Teachers, Postsecondary",5
21-1011,Substance Abuse and Behavioral Disorder Counselors,5
19-3093,Historians,5
19-3091,Anthropologists/Archeologists,5
19-3041,Sociologists,5
19-3032,Industrial-Organizational Psychologists,5
19-3031,School Psychologists/Clinical Psychologists/Counseling Psychologists,5
19-1012,Food Scientists and Technologists,5
25-1041,"Agricultural Sciences Teachers, Postsecondary",5
13-1151,Training and Development Specialists,5
21-1012,"Educational, Guidance, School, and Vocational Counselors",5
13-1131,Fundraisers,5
11-9151,Social and Community Service Managers,5
11-9111,Medical and Health Services Managers,5
11-9051,Food Service Managers,5
11-9039,Distance Learning Coordinators/Fitness and Wellness Coordinators,5
11-9033,"Education Administrators, Postsecondary",5
11-9032,"Education Administrators, Elementary and Secondary School",5
11-9031,"Education Administrators, Preschool and Childcare Center/Program",5
11-3131,Training and Development Managers,5
11-2031,Public Relations and Fundraising Managers,5
13-1121,"Meeting, Convention, and Event Planners",5
21-1013,Marriage and Family Therapists,5
39-9011,Childcare Workers/Nannies,5
21-1015,Rehabilitation Counselors,5
21-2021,"Directors, Religious Activities and Education",5
21-1094,Community Health Workers,5
21-1093,Social and Human Service Assistants,5
21-1091,Health Educators,5
21-1023,Mental Health and Substance Abuse Social Workers,5
21-2011,Clergy,5
21-1014,Mental Health Counselors,5
25-1021,"Computer Science Teachers, Postsecondary",5
25-1022,"Mathematical Science Teachers, Postsecondary",5
21-1021,"Child, Family, and School Social Workers",5
25-1031,"Architecture Teachers, Postsecondary",5
21-1022,Healthcare Social Workers,5
25-1011,"Business Teachers, Postsecondary",5
51-4033,"Grinding, Lapping, Polishing, and Buffing Machine Tool Setters, Operators, and Tenders, Metal and Plastic",6
51-6021,"Pressers, Textile, Garment, and Related Materials",6
51-5113,Print Binding and Finishing Workers,6
51-4194,"Tool Grinders, Filers, and Sharpeners",6
51-4193,"Plating and Coating Machine Setters, Operators, and Tenders, Metal and Plastic",6
51-4192,"Layout Workers, Metal and Plastic",6
51-4191,"Heat Treating Equipment Setters, Operators, and Tenders, Metal and Plastic",6
51-4121,"Welders, Cutters, and Welder Fitters/Solderers and Brazers",6
51-4111,Tool and Die Makers,6
51-4071,Foundry Mold and Coremakers,6
51-4072,"Molding, Coremaking, and Casting Machine Setters, Operators, and Tenders, Metal and Plastic",6
51-4062,"Patternmakers, Metal and Plastic",6
51-6031,Sewing Machine Operators,6
51-4052,"Pourers and Casters, Metal",6
51-4051,Metal-Refining Furnace Operators and Tenders,6
51-4041,Machinists,6
51-4035,"Milling and Planing Machine Setters, Operators, and Tenders, Metal and Plastic",6
51-4034,"Lathe and Turning Machine Tool Setters, Operators, and Tenders, Metal and Plastic",6
51-4081,"Multiple Machine Tool Setters, Operators, and Tenders, Metal and Plastic",6
51-4061,"Model Makers, Metal and Plastic",6
51-6091,"Extruding and Forming Machine Setters, Operators, and Tenders, Synthetic and Glass Fibers",6
51-6062,"Textile Cutting Machine Setters, Operators, and Tenders",6
49-9044,Millwrights,6
49-9045,"Refractory Materials Repairers, Except Brickmasons",6
51-9196,"Paper Goods Machine Setters, Operators, and Tenders",6
51-9195,"Stone Cutters and Carvers, Manufacturing/Glass Blowers, Molders, Benders, and Finishers/Potters, Manufacturing/Molding and Casting Workers",6
51-9194,Etchers and Engravers,6
51-9191,Adhesive Bonding Machine Operators and Tenders,6
51-9141,Semiconductor Processors,6
51-9071,Jewelers/Gem and Diamond Workers/Precious Metal Workers,6
51-9041,"Extruding, Forming, Pressing, and Compacting Machine Setters, Operators, and Tenders",6
51-9032,"Cutting and Slicing Machine Setters, Operators, and Tenders",6
51-9031,"Cutters and Trimmers, Hand",6
51-9022,"Grinding and Polishing Workers, Hand",6
51-7042,"Woodworking Machine Setters, Operators, and Tenders, Except Sawing",6
51-7041,"Sawing Machine Setters, Operators, and Tenders, Wood",6
51-7032,"Patternmakers, Wood",6
51-7031,"Model Makers, Wood",6
51-7011,Cabinetmakers and Bench Carpenters,6
51-6092,Fabric and Apparel Patternmakers,6
51-4032,"Drilling and Boring Machine Tool Setters, Operators, and Tenders, Metal and Plastic",6
51-6064,"Textile Winding, Twisting, and Drawing Out Machine Setters, Operators, and Tenders",6
51-6063,"Textile Knitting and Weaving Machine Setters, Operators, and Tenders",6
51-6042,Shoe Machine Operators and Tenders,6
51-4031,"Cutting, Punching, and Press Machine Setters, Operators, and Tenders, Metal and Plastic",6
51-6061,Textile Bleaching and Dyeing Machine Operators and Tenders,6
51-4122,"Welding, Soldering, and Brazing Machine Setters, Operators, and Tenders",6
51-2041,Structural Metal Fabricators and Fitters,6
51-2031,Engine and Other Machine Assemblers,6
51-4021,"Extruding and Drawing Machine Setters, Operators, and Tenders, Metal and Plastic",6
51-4022,"Forging Machine Setters, Operators, and Tenders, Metal and Plastic",6
51-2023,Electromechanical Equipment Assemblers,6
51-2022,Electrical and Electronic Equipment Assemblers,6
49-9063,Musical Instrument Repairers and Tuners,6
51-4023,"Rolling Machine Setters, Operators, and Tenders, Metal and Plastic",6
51-2011,"Aircraft Structure, Surfaces, Rigging, and Systems Assemblers",6
39-3091,Amusement and Recreation Attendants,7
33-9092,"Lifeguards, Ski Patrol, and Other Recreational Protective Service Workers",7
19-1023,Zoologists and Wildlife Biologists,8
19-4092,Forensic Science Technicians,8
19-4021,Biological Technicians,8
19-1042,"Medical Scientists, Except Epidemiologists",8
19-1041,Epidemiologists,8
29-2011,Medical and Clinical Laboratory Technologists/Cytogenetic Technologists/Cytotechnologists/Histotechnologists and Histologic Technicians,8
29-2012,Medical and Clinical Laboratory Technicians,8
19-1011,Animal Scientists,8
31-9097,Phlebotomists,8
19-1020,Biologists,8
19-1021,Biochemists and Biophysicists,8
19-1022,Microbiologists,8
27-2042,"Singers/Musicians, Instrumental",9
27-2041,Music Directors/Music Composers and Arrangers,9
27-2032,Choreographers,9
27-2031,Dancers,9
27-4014,Sound Engineering Technicians,9
27-2011,Actors,9
47-2171,Reinforcing Iron and Rebar Workers,10
47-2221,Structural Iron and Steel Workers,10
47-4031,Fence Erectors,10
47-5061,"Roof Bolters, Mining",10
49-3011,Aircraft Mechanics and Service Technicians,11
49-9041,Industrial Machinery Mechanics,11
49-9043,"Maintenance Workers, Machinery",11
53-6031,Automotive and Watercraft Service Attendants,11
49-9095,Manufactured Building and Mobile Home Installers,11
53-6011,Bridge and Lock Tenders,11
47-2151,Pipelayers,11
47-2152,Pipe Fitters and Steamfitters/Plumbers,11
53-5031,Ship Engineers,11
47-5031,"Explosives Workers, Ordnance Handling Experts, and Blasters",11
49-9096,Riggers,11
53-4021,"Railroad Brake, Signal, and Switch Operators",11
53-4013,"Rail Yard Engineers, Dinkey Operators, and Hostlers",11
53-4012,Locomotive Firers,11
47-5021,"Earth Drillers, Except Oil and Gas",11
53-4011,Locomotive Engineers,11
53-3033,Light Truck or Delivery Services Drivers,11
47-2211,Sheet Metal Workers,11
49-2011,"Computer, Automated Teller, and Office Machine Repairers",11
53-3032,Heavy and Tractor-Trailer Truck Drivers,11
49-9051,Electrical Power-Line Installers and Repairers,11
47-2231,Solar Photovoltaic Installers,11
49-9052,Telecommunications Line Installers and Repairers,11
49-9062,Medical Equipment Repairers,11
47-2111,Electricians,11
49-9031,Home Appliance Repairers,11
49-9091,"Coin, Vending, and Amusement Machine Servicers and Repairers",11
47-2073,Operating Engineers and Other Construction Equipment Operators,11
53-7081,Refuse and Recyclable Material Collectors,11
53-7073,Wellhead Pumpers,11
53-7072,"Pump Operators, Except Wellhead Pumpers",11
53-7071,Gas Compressor and Gas Pumping Station Operators,11
43-5111,"Weighers, Measurers, Checkers, and Samplers, Recordkeeping",11
47-5042,Mine Cutting and Channeling Machine Operators,11
53-7064,"Packers and Packagers, Hand",11
49-9071,"Maintenance and Repair Workers, General",11
45-2041,"Graders and Sorters, Agricultural Products",11
53-7063,Machine Feeders and Offbearers,11
47-2011,Boilermakers,11
51-9199,Recycling and Reclamation Workers,11
53-7062,"Laborers and Freight, Stock, and Material Movers, Hand",11
53-7051,Industrial Truck and Tractor Operators,11
53-7041,Hoist and Winch Operators,11
53-7033,"Loading Machine Operators, Underground Mining",11
53-7032,Excavating and Loading Machine and Dragline Operators,11
53-7021,Crane and Tower Operators,11
47-5041,Continuous Mining Machine Operators,11
53-7011,Conveyor Operators and Tenders,11
47-2061,Construction Laborers,11
49-9081,Wind Turbine Service Technicians,11
47-2071,"Paving, Surfacing, and Tamping Equipment Operators",11
47-2072,Pile-Driver Operators,11
53-7061,Cleaners of Vehicles and Equipment,11
51-9198,Helpers--Production Workers,11
47-3013,Helpers--Electricians,11
49-9097,Signal and Track Switch Repairers,11
47-4061,Rail-Track Laying and Maintenance Equipment Operators,11
47-4071,Septic Tank Servicers and Sewer Pipe Cleaners,11
51-8021,Stationary Engineers and Boiler Operators,11
47-4099,Solar Thermal Installers and Technicians/Weatherization Installers and Technicians,11
51-8013,Power Plant Operators,11
49-9012,"Control and Valve Installers and Repairers, Except Mechanical Door",11
47-5011,"Derrick Operators, Oil and Gas",11
49-9011,Mechanical Door Repairers,11
49-3092,Recreational Vehicle Service Technicians,11
49-3053,Outdoor Power Equipment and Other Small Engine Mechanics,11
49-3052,Motorcycle Mechanics,11
51-8031,Water and Wastewater Treatment Plant and System Operators,11
51-3093,Food Cooking Machine Operators and Tenders,11
47-5012,"Rotary Drill Operators, Oil and Gas",11
49-3051,Motorboat Mechanics and Service Technicians,11
49-3043,Rail Car Repairers,11
49-3042,"Mobile Heavy Equipment Mechanics, Except Engines",11
49-3041,Farm Equipment Mechanics and Service Technicians,11
49-3031,Bus and Truck Mechanics and Diesel Engine Specialists,11
47-5013,"Service Unit Operators, Oil, Gas, and Mining",11
49-2097,Electronic Home Entertainment Equipment Installers and Repairers,11
49-3023,Automotive Master Mechanics/Automotive Specialty Technicians,11
51-3091,"Food and Tobacco Roasting, Baking, and Drying Machine Operators and Tenders",11
51-3092,Food Batchmakers,11
49-2096,"Electronic Equipment Installers and Repairers, Motor Vehicles",11
49-2098,Security and Fire Alarm Systems Installers,11
47-4041,Hazardous Materials Removal Workers,11
51-8091,Chemical Plant and System Operators,11
49-2021,"Radio, Cellular, and Tower Equipment Installers and Repairers/Radio Mechanics",11
49-9098,"Helpers--Installation, Maintenance, and Repair Workers",11
51-9193,Cooling and Freezing Equipment Operators and Tenders,11
51-9192,"Cleaning, Washing, and Metal Pickling Equipment Operators and Tenders",11
47-3015,"Helpers--Pipelayers, Plumbers, Pipefitters, and Steamfitters",11
49-9099,Geothermal Technicians,11
49-2022,"Telecommunications Equipment Installers and Repairers, Except Line Installers",11
49-2091,Avionics Technicians,11
51-9111,Packaging and Filling Machine Operators and Tenders,11
47-4021,Elevator Installers and Repairers,11
51-2021,"Coil Winders, Tapers, and Finishers",11
49-2095,"Electrical and Electronics Repairers, Powerhouse, Substation, and Relay",11
51-9061,"Inspectors, Testers, Sorters, Samplers, and Weighers",11
49-2092,"Electric Motor, Power Tool, and Related Repairers",11
49-2093,"Electrical and Electronics Installers and Repairers, Transportation Equipment",11
47-5071,"Roustabouts, Oil and Gas",11
51-9023,"Mixing and Blending Machine Setters, Operators, and Tenders",11
49-2094,"Electrical and Electronics Repairers, Commercial and Industrial Equipment",11
51-9021,"Crushing, Grinding, and Polishing Machine Setters, Operators, and Tenders",11
51-9012,"Separating, Filtering, Clarifying, Precipitating, and Still Machine Setters, Operators, and Tenders",11
51-9011,Chemical Equipment Operators and Tenders,11
51-8099,Biofuels Processing Technicians/Methane/Landfill Gas Generation System Technicians/Biomass Plant Technicians/Hydroelectric Plant Technicians,11
51-8093,"Petroleum Pump System Operators, Refinery Operators, and Gaugers",11
51-8092,Gas Plant Operators,11
51-9051,"Furnace, Kiln, Oven, Drier, and Kettle Operators and Tenders",11
49-9021,Heating and Air Conditioning Mechanics and Installers/Refrigeration Mechanics and Installers,11
53-7121,"Tank Car, Truck, and Ship Loaders",11
19-4051,Nuclear Equipment Operation Technicians/Nuclear Monitoring Technicians,11
37-2011,"Janitors and Cleaners, Except Maids and Housekeeping Cleaners",11
53-7111,Mine Shuttle Car Operators,11
17-3024,Electro-Mechanical Technicians/Robotics Technicians,11
23-1022,"Arbitrators, Mediators, and Conciliators",12
33-3012,Correctional Officers and Jailers,12
13-1075,Labor Relations Specialists,12
33-3021,Police Detectives/Police Identification and Records Officers/Criminal Investigators and Special Agents/Immigration and Customs Inspectors/Intelligence Analysts,12
33-3051,Police Patrol Officers/Sheriffs and Deputy Sheriffs,12
33-9021,Private Detectives and Investigators,12
33-9031,Gaming Surveillance Officers and Gaming Investigators,12
23-2011,Paralegals and Legal Assistants,12
23-1023,"Judges, Magistrate Judges, and Magistrates",12
23-1012,Judicial Law Clerks,12
33-1012,First-Line Supervisors of Police and Detectives,12
23-1011,Lawyers,12
11-1031,Legislators,12
21-1092,Probation Officers and Correctional Treatment Specialists,12
43-4031,Court Clerks/Municipal Clerks/License Clerks,12
19-3094,Political Scientists,12
43-6012,Legal Secretaries,12
23-1021,"Administrative Law Judges, Adjudicators, and Hearing Officers",12
33-1011,First-Line Supervisors of Correctional Officers,12
43-9081,Proofreaders and Copy Markers,13
27-3091,Interpreters and Translators,13
53-5011,Sailors and Marine Oilers,14
53-5021,"Ship and Boat Captains/Mates- Ship, Boat, and Barge/Pilots, Ship",14
53-5022,Motorboat Operators,14
45-3011,Fishers and Related Fishing Workers,14
49-9092,Commercial Divers,14
53-7031,Dredge Operators,14
37-2012,Maids and Housekeeping Cleaners,15
39-3093,"Locker Room, Coatroom, and Dressing Room Attendants",15
51-3021,Butchers and Meat Cutters,16
51-3022,"Meat, Poultry, and Fish Cutters and Trimmers",16
51-3023,Slaughterers and Meat Packers,16
27-3022,Reporters and Correspondents,17
27-3041,Editors,17
27-3021,Broadcast News Analysts,17
27-2012,"Producers/Directors- Stage, Motion Pictures, Television, and Radio/Program Directors/Talent Directors/Technical Directors/Managers",17
27-3011,Radio and Television Announcers,17
27-4012,Broadcast Technicians,17
27-3043,"Copy Writers/Poets, Lyricists and Creative Writers",17
27-3012,Public Address System and Other Announcers,17
27-4013,Radio Operators,17
39-5094,Skincare Specialists,18
39-5011,Barbers,18
39-5012,"Hairdressers, Hairstylists, and Cosmetologists",18
39-5093,Shampooers,18
19-2032,Materials Scientists,19
47-4011,Construction and Building Inspectors,19
19-2021,Atmospheric and Space Scientists,19
51-2092,Team Assemblers,19
19-2012,Physicists,19
19-1029,Bioinformatics Scientists/Molecular and Cellular Biologists/Geneticists,19
17-3031,Surveying Technicians/Mapping Technicians,19
43-9111,Statistical Assistants/Bioinformatics Technicians,19
17-3029,Non-Destructive Testing Specialists/Electrical Engineering Technologists/Electromechanical Engineering Technologists/Electronics Engineering Technologists/Industrial Engineering Technologists/Manufacturing Engineering Technologists/Mechanical Engineering Technologists/Photonics Technicians/Manufacturing Production Technicians/Fuel Cell Technicians/Nanotechnology Engineering Technologists/Nanotechnology Engineering Technicians,19
19-2031,Chemists,19
47-1011,First-Line Supervisors of Construction Trades and Extraction Workers/Solar Energy Installation Managers,19
19-4041,Geophysical Data Technicians/Geological Sample Test Technicians,19
19-2043,Hydrologists,19
27-1013,"Fine Artists, Including Painters, Sculptors, and Illustrators",19
29-9012,Occupational Health and Safety Technicians,19
29-9011,Occupational Health and Safety Specialists,19
27-1012,Craft Artists,19
27-1025,Interior Designers,19
27-1027,Set and Exhibit Designers,19
33-9099,Retail Loss Prevention Specialists,19
19-2042,"Geoscientists, Except Hydrologists and Geographers",19
25-4013,Museum Technicians and Conservators,19
19-4091,"Environmental Science and Protection Technicians, Including Health",19
27-3042,Technical Writers,19
27-1021,Commercial and Industrial Designers,19
19-4031,Chemical Technicians,19
19-3092,Geographers,19
19-3022,Survey Researchers,19
19-2099,Remote Sensing Scientists and Technologists,19
19-4099,Quality Control Analysts/Precision Agriculture Technicians/Remote Sensing Technicians,19
17-3027,Mechanical Engineering Technicians/Automotive Engineering Technicians,19
17-3023,Electronics Engineering Technicians/Electrical Engineering Technicians,19
17-3025,Environmental Engineering Technicians,19
17-1011,"Architects, Except Landscape and Naval",19
15-2091,Mathematical Technicians,19
51-8011,Nuclear Power Reactor Operators,19
17-3026,Industrial Engineering Technicians,19
15-2041,Statisticians/Biostatisticians/Clinical Data Managers,19
15-2031,Operations Research Analysts,19
15-2021,Mathematicians,19
15-1199,Software Quality Assurance Engineers and Testers/Computer Systems Engineers/Architects/Web Administrators/Geospatial Information Scientists and Technologists/Geographic Information Systems Technicians/Database Architects/Data Warehousing Specialists/Business Intelligence Analysts/Information Technology Project Managers/Search Marketing Strategists/Video Game Designers/Document Management Specialists,19
15-1152,Computer Network Support Specialists,19
15-1151,Computer User Support Specialists,19
15-1143,Computer Network Architects/Telecommunications Engineering Specialists,19
15-1142,Network and Computer Systems Administrators,19
17-1012,Landscape Architects,19
15-1141,Database Administrators,19
15-1133,"Software Developers, Systems Software",19
15-1132,"Software Developers, Applications",19
15-1131,Computer Programmers,19
15-1122,Information Security Analysts,19
15-1121,Computer Systems Analysts/Informatics Nurse Specialists,19
15-1111,Computer and Information Research Scientists,19
13-1161,Market Research Analysts and Marketing Specialists,19
53-6051,"Aviation Inspectors/Transportation Vehicle, Equipment and Systems Inspectors, Except Aviation/Freight and Cargo Inspectors",19
11-9041,Architectural and Engineering Managers/Biofuels/Biodiesel Technology and Product Development Managers,19
11-9021,Construction Managers,19
11-3051,Industrial Production Managers/Quality Control Systems Managers/Geothermal Production Managers/Biofuels Production Managers/Biomass Power Plant Managers/Methane/Landfill Gas Collection System Operators/Hydroelectric Production Managers,19
11-3021,Computer and Information Systems Managers,19
15-1134,Web Developers,19
17-1021,Cartographers and Photogrammetrists,19
51-8012,Power Distributors and Dispatchers,19
17-2171,Petroleum Engineers,19
17-1022,Surveyors/Geodetic Surveyors,19
17-2161,Nuclear Engineers,19
17-2151,"Mining and Geological Engineers, Including Mining Safety Engineers",19
17-2141,Mechanical Engineers/Fuel Cell Engineers/Automotive Engineers,19
17-2131,Materials Engineers,19
17-3012,Electronic Drafters/Electrical Drafters,19
17-2121,Marine Engineers/Marine Architects,19
17-2112,Industrial Engineers/Human Factors Engineers and Ergonomists,19
17-3013,Mechanical Drafters,19
17-2199,Biochemical Engineers/Validation Engineers/Energy Engineers/Manufacturing Engineers/Mechatronics Engineers/Microsystems Engineers/Photonics Engineers/Robotics Engineers/Nanosystems Engineers/Wind Energy Engineers/Solar Energy Systems Engineers,19
17-3021,Aerospace Engineering and Operations Technicians,19
43-9011,Computer Operators,19
17-2081,Environmental Engineers/Water/Wastewater Engineers,19
17-2072,"Electronics Engineers, Except Computer/Radio Frequency Identification Device Specialists",19
17-2071,Electrical Engineers,19
17-2061,Computer Hardware Engineers,19
17-2051,Civil Engineers/Transportation Engineers,19
17-2041,Chemical Engineers,19
17-2031,Biomedical Engineers,19
17-3022,Civil Engineering Technicians,19
17-2011,Aerospace Engineers,19
17-2111,Industrial Safety and Health Engineers/Fire-Prevention and Protection Engineers/Product Safety Engineers,19
17-3011,Architectural Drafters/Civil Drafters,19
51-9197,Tire Builders,20
49-3091,Bicycle Repairers,20
49-3093,Tire Repairers and Changers,20
41-9012,Models,21
27-1022,Fashion Designers,21
27-1023,Floral Designers,21
27-1026,Merchandise Displayers and Window Trimmers,21
39-5091,"Makeup Artists, Theatrical and Performance",21
39-3092,Costume Attendants,21
39-6011,Baggage Porters and Bellhops,22
39-6012,Concierges,22
39-7011,Tour Guides and Escorts,22
39-7012,Travel Guides,22
39-3031,"Ushers, Lobby Attendants, and Ticket Takers",22
43-4181,Reservation and Transportation Ticket Agents and Travel Clerks,22
11-9081,Lodging Managers,22
41-3041,Travel Agents,22
43-4081,"Hotel, Motel, and Resort Desk Clerks",22
35-9031,"Hosts and Hostesses, Restaurant, Lounge, and Coffee Shop",22
51-3011,Bakers,23
35-3031,Waiters and Waitresses,23
35-2012,"Cooks, Institution and Cafeteria",23
35-9021,Dishwashers,23
35-9011,Dining Room and Cafeteria Attendants and Bartender Helpers,23
35-3041,"Food Servers, Nonrestaurant",23
35-3022,"Counter Attendants, Cafeteria, Food Concession, and Coffee Shop/Baristas",23
35-2013,"Cooks, Private Household",23
35-2014,"Cooks, Restaurant",23
35-2015,"Cooks, Short Order",23
35-3021,"Combined Food Preparation and Serving Workers, Including Fast Food",23
35-2011,"Cooks, Fast Food",23
35-3011,Bartenders,23
35-2021,Food Preparation Workers,23
37-2021,Pest Control Workers,24
45-2091,Agricultural Equipment Operators,24
45-2092,"Nursery Workers/Farmworkers and Laborers, Crop",24
37-3012,"Pesticide Handlers, Sprayers, and Applicators, Vegetation",24
37-3011,Landscaping and Groundskeeping Workers,24
47-4051,Highway Maintenance Workers,24
29-2092,Hearing Aid Specialists,25
51-9082,Medical Appliance Technicians,26
51-9081,Dental Laboratory Technicians,26
45-3021,Hunters and Trappers,27
29-2035,Magnetic Resonance Imaging Technologists,28
13-1074,Farm Labor Contractors,29
49-9094,Locksmiths and Safe Repairers,30
23-2091,Court Reporters,31
53-3011,"Ambulance Drivers and Attendants, Except Emergency Medical Technicians",32
47-5051,"Rock Splitters, Quarry",33
51-9083,Ophthalmic Laboratory Technicians,34
29-2081,"Opticians, Dispensing",34
19-2011,Astronomers,35
47-5081,Helpers--Extraction Workers,36
13-1032,"Insurance Appraisers, Auto Damage",37
45-2093,"Farmworkers, Farm, Ranch, and Aquacultural Animals",38
31-9096,Veterinary Assistants and Laboratory Animal Caretakers,38
29-2056,Veterinary Technologists and Technicians,38
29-1131,Veterinarians,38
39-2011,Animal Trainers,38
39-2021,Nonfarm Animal Caretakers,38
45-2021,Animal Breeders,38
51-6052,"Tailors, Dressmakers, and Custom Sewers",39
51-6041,Shoe and Leather Workers and Repairers,39
51-6093,Upholsterers,39
51-6051,"Sewers, Hand",39
49-9093,"Fabric Menders, Except Garment",39
33-3011,Bailiffs,40
39-4011,Embalmers,41
45-4022,Logging Equipment Operators,42
37-3013,Tree Trimmers and Pruners,42
45-4021,Fallers,42
45-4023,Log Graders and Scalers,42
49-9064,Watch Repairers,43
51-2093,Timing Device Assemblers and Adjusters,43
29-2091,Orthotists and Prosthetists,44
39-5092,Manicurists and Pedicurists,45
43-3041,Gaming Cage Workers,46
39-1012,Slot Supervisors,46
11-9071,Gaming Managers,46
39-1011,Gaming Supervisors,46
41-2012,Gaming Change Persons and Booth Cashiers,46
39-3011,Gaming Dealers,46
39-3012,Gaming and Sports Book Writers and Runners,46
39-4021,Funeral Attendants,47
11-9061,Funeral Service Managers,47
39-4031,"Morticians, Undertakers, and Funeral Directors",47
41-3099,Energy Brokers,48
41-3031,"Sales Agents, Securities and Commodities/Sales Agents, Financial Services/Securities and Commodities Traders",48
13-2021,"Assessors/Appraisers, Real Estate",48
13-2031,Budget Analysts,48
13-2041,Credit Analysts,48
13-1199,Energy Auditors/Security Management Specialists/Customs Brokers/Business Continuity Planners/Sustainability Specialists/Online Merchants,48
53-1031,First-Line Supervisors of Transportation and Material-Moving Machine and Vehicle Operators,48
13-2052,Personal Financial Advisors,48
13-1141,"Compensation, Benefits, and Job Analysis Specialists",48
53-1021,"First-Line Supervisors of Helpers, Laborers, and Material Movers, Hand/Recycling Coordinators",48
13-2051,Financial Analysts,48
13-2011,Accountants/Auditors,48
13-2053,Insurance Underwriters,48
13-2082,Tax Preparers,48
13-2071,Credit Counselors/Loan Counselors,48
13-2072,Loan Officers,48
13-2081,"Tax Examiners and Collectors, and Revenue Agents",48
13-1111,Management Analysts,48
29-2071,Medical Records and Health Information Technicians,48
13-2099,"Financial Quantitative Analysts/Risk Management Specialists/Investment Underwriters/Fraud Examiners, Investigators and Analysts",48
41-4011,"Sales Representatives, Wholesale and Manufacturing, Technical and Scientific Products/Solar Sales Representatives and Assessors",48
41-4012,"Sales Representatives, Wholesale and Manufacturing, Except Technical and Scientific Products",48
41-9011,Demonstrators and Product Promoters,48
41-9021,Real Estate Brokers,48
41-9022,Real Estate Sales Agents,48
41-9031,Sales Engineers,48
13-2061,Financial Examiners,48
13-1081,Logisticians/Logistics Engineers/Logistics Analysts,48
13-1011,"Agents and Business Managers of Artists, Performers, and Athletes",48
13-1071,Human Resources Specialists,48
11-1021,General and Operations Managers,48
11-2011,Advertising and Promotions Managers/Green Marketers,48
11-2021,Marketing Managers,48
11-2022,Sales Managers,48
11-3011,Administrative Services Managers,48
11-3031,"Treasurers and Controllers/Financial Managers, Branch or Department",48
11-3061,Purchasing Managers,48
11-3071,Transportation Managers/Storage and Distribution Managers/Logistics Managers,48
11-3111,Compensation and Benefits Managers,48
41-1011,First-Line Supervisors of Retail Sales Workers,48
11-3121,Human Resources Managers,48
41-1012,First-Line Supervisors of Non-Retail Sales Workers,48
41-2011,Cashiers,48
41-2021,Counter and Rental Clerks,48
11-9121,Natural Sciences Managers/Clinical Research Coordinators/Water Resource Specialists,48
11-9131,Postmasters and Mail Superintendents,48
41-2022,Parts Salespersons,48
41-2031,Retail Salespersons,48
41-3011,Advertising Sales Agents,48
11-9141,"Property, Real Estate, and Community Association Managers",48
11-9161,Emergency Management Directors,48
11-9199,Regulatory Affairs Managers/Compliance Managers/Investment Fund Managers/Supply Chain Managers/Security Managers/Loss Prevention Managers/Wind Energy Operations Managers/Wind Energy Project Managers/Brownfield Redevelopment Specialists and Site Managers,48
41-9041,Telemarketers,48
13-1022,"Wholesale and Retail Buyers, Except Farm Products",48
13-1023,"Purchasing Agents, Except Wholesale, Retail, and Farm Products",48
13-1031,"Claims Examiners, Property and Casualty Insurance/Insurance Adjusters, Examiners, and Investigators",48
13-1041,Environmental Compliance Inspectors/Licensing Examiners and Inspectors/Equal Opportunity Representatives and Officers/Government Property Inspectors and Investigators/Coroners/Regulatory Affairs Specialists,48
53-3031,Driver/Sales Workers,48
13-1051,Cost Estimators,48
41-3021,Insurance Sales Agents,48
41-9091,"Door-To-Door Sales Workers, News and Street Vendors, and Related Workers",48
37-1011,First-Line Supervisors of Housekeeping and Janitorial Workers,48
43-2011,"Switchboard Operators, Including Answering Service",48
43-1011,First-Line Supervisors of Office and Administrative Support Workers,48
43-5052,Postal Service Mail Carriers,48
43-5053,"Postal Service Mail Sorters, Processors, and Processing Machine Operators",48
43-5061,"Production, Planning, and Expediting Clerks",48
43-5071,"Shipping, Receiving, and Traffic Clerks",48
43-5081,"Stock Clerks, Sales Floor/Marking Clerks/Stock Clerks- Stockroom, Warehouse, or Storage Yard/Order Fillers, Wholesale and Retail Sales",48
43-6011,Executive Secretaries and Executive Administrative Assistants,48
43-6013,Medical Secretaries,48
43-6014,"Secretaries and Administrative Assistants, Except Legal, Medical, and Executive",48
43-9021,Data Entry Keyers,48
43-9022,Word Processors and Typists,48
43-9041,Insurance Claims Clerks/Insurance Policy Processing Clerks,48
43-9051,"Mail Clerks and Mail Machine Operators, Except Postal Service",48
43-9061,"Office Clerks, General",48
19-1031,Soil and Water Conservationists/Range Managers/Park Naturalists,48
25-9021,Farm and Home Management Advisors,48
25-4031,Library Technicians,48
19-2041,"Environmental Scientists and Specialists, Including Health/Climate Change Analysts/Environmental Restoration Planners/Industrial Ecologists",48
25-4021,Librarians,48
25-4011,Archivists,48
23-2093,"Title Examiners, Abstractors, and Searchers",48
39-1021,First-Line Supervisors of Personal Service Workers/Spa Managers,48
19-3011,Economists/Environmental Economists,48
19-3051,Urban and Regional Planners,48
51-1011,First-Line Supervisors of Production and Operating Workers,48
19-3099,Transportation Planners,48
19-4061,Social Science Research Assistants/City and Regional Planning Aides,48
43-5032,"Dispatchers, Except Police, Fire, and Ambulance",48
43-5031,"Police, Fire, and Ambulance Dispatchers",48
43-5051,Postal Service Clerks,48
43-3011,Bill and Account Collectors,48
43-4051,Customer Service Representatives/Patient Representatives,48
43-4021,Correspondence Clerks,48
43-4061,"Eligibility Interviewers, Government Programs",48
43-4011,Brokerage Clerks,48
43-5021,Couriers and Messengers,48
43-4071,File Clerks,48
43-3071,Tellers,48
43-3061,Procurement Clerks,48
43-3051,Payroll and Timekeeping Clerks,48
17-2021,Agricultural Engineers,48
43-4111,"Interviewers, Except Eligibility and Loan",48
43-4121,"Library Assistants, Clerical",48
43-4131,Loan Interviewers and Clerks,48
43-4141,New Accounts Clerks,48
43-4151,Order Clerks,48
31-9094,Medical Transcriptionists,48
49-1011,"First-Line Supervisors of Mechanics, Installers, and Repairers",48
43-3031,"Bookkeeping, Accounting, and Auditing Clerks",48
43-4161,"Human Resources Assistants, Except Payroll and Timekeeping",48
15-2011,Actuaries,48
43-4171,Receptionists and Information Clerks,48
43-5011,Cargo and Freight Agents/Freight Forwarders,48
43-3021,"Statement Clerks/Billing, Cost, and Rate Clerks",48
43-2021,Telephone Operators,48
43-4041,Credit Authorizers/Credit Checkers,48
49-9061,Camera and Photographic Equipment Repairers,49
27-4032,Film and Video Editors,49
51-5112,Printing Press Operators,49
51-4011,"Computer-Controlled Machine Tool Operators, Metal and Plastic",49
51-4012,"Computer Numerically Controlled Machine Tool Programmers, Metal and Plastic",49
27-1011,Art Directors,49
39-3021,Motion Picture Projectionists,49
27-1024,Graphic Designers,49
51-9151,Photographic Process Workers and Processing Machine Operators,49
43-9031,Desktop Publishers,49
27-4011,Audio and Video Equipment Technicians,49
27-1014,Multimedia Artists and Animators,49
27-4021,Photographers,49
27-4031,"Camera Operators, Television, Video, and Motion Picture",49
51-5111,Prepress Technicians and Workers,49
25-9011,Audio-Visual and Multimedia Collections Specialists,49
43-9071,"Office Machine Operators, Except Computer",49
